"","names","ourls","wons","ids"
"1","Ballina","/products/IDN60801/IDN60801.94596.shtml","94596","IDN60801"
"2","Cape Byron","/products/IDN60801/IDN60801.94599.shtml","94599","IDN60801"
"3","Casino","/products/IDN60801/IDN60801.94573.shtml","94573","IDN60801"
"4","Coolangatta","/products/IDN60801/IDN60801.94592.shtml","94592","IDN60801"
"5","Evans Head","/products/IDN60801/IDN60801.94598.shtml","94598","IDN60801"
"6","Grafton AgRS","/products/IDN60801/IDN60801.95571.shtml","95571","IDN60801"
"7","Grafton Airport","/products/IDN60801/IDN60801.95570.shtml","95570","IDN60801"
"8","Lismore Airport","/products/IDN60801/IDN60801.94572.shtml","94572","IDN60801"
"9","Murwillumbah","/products/IDN60801/IDN60801.94582.shtml","94582","IDN60801"
"10","Yamba","/products/IDN60801/IDN60801.94589.shtml","94589","IDN60801"
"11","Coffs Harbour Airport","/products/IDN60801/IDN60801.95729.shtml","95729","IDN60801"
"12","Dorrigo","/products/IDN60801/IDN60801.94789.shtml","94789","IDN60801"
"13","Forster","/products/IDN60801/IDN60801.95778.shtml","95778","IDN60801"
"14","Kempsey Airport","/products/IDN60801/IDN60801.94785.shtml","94785","IDN60801"
"15","Mount Seaview","/products/IDN60801/IDN60801.94783.shtml","94783","IDN60801"
"16","Port Macquarie Airport","/products/IDN60801/IDN60801.94786.shtml","94786","IDN60801"
"17","Smoky Cape","/products/IDN60801/IDN60801.94790.shtml","94790","IDN60801"
"18","Taree Airport","/products/IDN60801/IDN60801.95784.shtml","95784","IDN60801"
"19","Cessnock Airport","/products/IDN60801/IDN60801.95771.shtml","95771","IDN60801"
"20","Gosford","/products/IDN60801/IDN60801.94782.shtml","94782","IDN60801"
"21","Lake Macquarie - Cooranbong","/products/IDN60801/IDN60801.95767.shtml","95767","IDN60801"
"22","Lostock","/products/IDN60801/IDN60801.95772.shtml","95772","IDN60801"
"23","Maitland Airport","/products/IDN60801/IDN60801.94650.shtml","94650","IDN60801"
"24","Mangrove Mountain","/products/IDN60801/IDN60801.95774.shtml","95774","IDN60801"
"25","Merriwa","/products/IDN60801/IDN60801.95754.shtml","95754","IDN60801"
"26","Murrurundi","/products/IDN60801/IDN60801.94756.shtml","94756","IDN60801"
"27","Murrurundi Gap","/products/IDN60801/IDN60801.95747.shtml","95747","IDN60801"
"28","Nelson Bay","/products/IDN60801/IDN60801.95779.shtml","95779","IDN60801"
"29","Newcastle Nobbys","/products/IDN60801/IDN60801.94774.shtml","94774","IDN60801"
"30","Newcastle University","/products/IDN60801/IDN60801.94781.shtml","94781","IDN60801"
"31","Norah Head","/products/IDN60801/IDN60801.95770.shtml","95770","IDN60801"
"32","Scone Airport","/products/IDN60801/IDN60801.95758.shtml","95758","IDN60801"
"33","Singleton (Defence)","/products/IDN60801/IDN60801.99738.shtml","99738","IDN60801"
"34","Tocal","/products/IDN60801/IDN60801.94775.shtml","94775","IDN60801"
"35","Williamtown","/products/IDN60801/IDN60801.94776.shtml","94776","IDN60801"
"36","Armidale","/products/IDN60801/IDN60801.94773.shtml","94773","IDN60801"
"37","Armidale Airport","/products/IDN60801/IDN60801.95773.shtml","95773","IDN60801"
"38","Glen Innes Airport","/products/IDN60801/IDN60801.94588.shtml","94588","IDN60801"
"39","Guyra","/products/IDN60801/IDN60801.94772.shtml","94772","IDN60801"
"40","Inverell","/products/IDN60801/IDN60801.95541.shtml","95541","IDN60801"
"41","Inverell RS","/products/IDN60801/IDN60801.94541.shtml","94541","IDN60801"
"42","Applethorpe","/products/IDN60801/IDN60801.94553.shtml","94553","IDN60801"
"43","Tenterfield","/products/IDN60801/IDN60801.94556.shtml","94556","IDN60801"
"44","Badgerys Creek","/products/IDN60801/IDN60801.94752.shtml","94752","IDN60801"
"45","Bankstown","/products/IDN60801/IDN60801.94765.shtml","94765","IDN60801"
"46","Camden","/products/IDN60801/IDN60801.94755.shtml","94755","IDN60801"
"47","Campbelltown","/products/IDN60801/IDN60801.94757.shtml","94757","IDN60801"
"48","Canterbury","/products/IDN60801/IDN60801.94766.shtml","94766","IDN60801"
"49","Fort Denison","/products/IDN60801/IDN60801.94769.shtml","94769","IDN60801"
"50","Holsworthy","/products/IDN60801/IDN60801.95761.shtml","95761","IDN60801"
"51","Holsworthy (Defence)","/products/IDN60801/IDN60801.95684.shtml","95684","IDN60801"
"52","Horsley Park","/products/IDN60801/IDN60801.94760.shtml","94760","IDN60801"
"53","Kurnell","/products/IDN60801/IDN60801.95756.shtml","95756","IDN60801"
"54","Little Bay","/products/IDN60801/IDN60801.94780.shtml","94780","IDN60801"
"55","Lucas Heights (ANSTO)","/products/IDN60801/IDN60801.95757.shtml","95757","IDN60801"
"56","North Head","/products/IDN60801/IDN60801.95768.shtml","95768","IDN60801"
"57","Parramatta","/products/IDN60801/IDN60801.94764.shtml","94764","IDN60801"
"58","Penrith","/products/IDN60801/IDN60801.94763.shtml","94763","IDN60801"
"59","Richmond","/products/IDN60801/IDN60801.95753.shtml","95753","IDN60801"
"60","Sydney Airport","/products/IDN60801/IDN60801.94767.shtml","94767","IDN60801"
"61","Sydney - Observatory Hill","/products/IDN60801/IDN60801.94768.shtml","94768","IDN60801"
"62","Sydney Harbour","/products/IDN60801/IDN60801.95766.shtml","95766","IDN60801"
"63","Sydney Olympic Park","/products/IDN60801/IDN60801.95765.shtml","95765","IDN60801"
"64","Terrey Hills","/products/IDN60801/IDN60801.94759.shtml","94759","IDN60801"
"65","Wattamolla","/products/IDN60801/IDN60801.95752.shtml","95752","IDN60801"
"66","Albion Park","/products/IDN60801/IDN60801.95748.shtml","95748","IDN60801"
"67","Bellambi","/products/IDN60801/IDN60801.94749.shtml","94749","IDN60801"
"68","High Range (Wanganderry)","/products/IDN60801/IDN60801.99742.shtml","99742","IDN60801"
"69","Jervis Bay Airfield","/products/IDN60801/IDN60801.94751.shtml","94751","IDN60801"
"70","Kiama","/products/IDN60801/IDN60801.95749.shtml","95749","IDN60801"
"71","Moss Vale","/products/IDN60801/IDN60801.94746.shtml","94746","IDN60801"
"72","Nowra","/products/IDN60801/IDN60801.94750.shtml","94750","IDN60801"
"73","Point Perpendicular","/products/IDN60801/IDN60801.95940.shtml","95940","IDN60801"
"74","Port Kembla Harbour","/products/IDN60801/IDN60801.95745.shtml","95745","IDN60801"
"75","Bega","/products/IDN60801/IDN60801.95931.shtml","95931","IDN60801"
"76","Gabo Island","/products/IDN60801/IDN60801.94933.shtml","94933","IDN60801"
"77","Green Cape","/products/IDN60801/IDN60801.94934.shtml","94934","IDN60801"
"78","Merimbula","/products/IDN60801/IDN60801.95929.shtml","95929","IDN60801"
"79","Montague Island","/products/IDN60801/IDN60801.94939.shtml","94939","IDN60801"
"80","Moruya Airport","/products/IDN60801/IDN60801.95937.shtml","95937","IDN60801"
"81","Moruya Heads","/products/IDN60801/IDN60801.94937.shtml","94937","IDN60801"
"82","Narooma","/products/IDN60801/IDN60801.95935.shtml","95935","IDN60801"
"83","Ulladulla","/products/IDN60801/IDN60801.94938.shtml","94938","IDN60801"
"84","Bathurst","/products/IDN60801/IDN60801.94730.shtml","94730","IDN60801"
"85","Bathurst Airport","/products/IDN60801/IDN60801.94729.shtml","94729","IDN60801"
"86","Gulgong","/products/IDN60801/IDN60801.94732.shtml","94732","IDN60801"
"87","Lithgow","/products/IDN60801/IDN60801.94741.shtml","94741","IDN60801"
"88","Marrangaroo (Defence)","/products/IDN60801/IDN60801.95686.shtml","95686","IDN60801"
"89","Mount Boyce","/products/IDN60801/IDN60801.94743.shtml","94743","IDN60801"
"90","Mudgee","/products/IDN60801/IDN60801.94727.shtml","94727","IDN60801"
"91","Nullo Mountain","/products/IDN60801/IDN60801.94754.shtml","94754","IDN60801"
"92","Oberon","/products/IDN60801/IDN60801.95735.shtml","95735","IDN60801"
"93","Orange AgIn","/products/IDN60801/IDN60801.95725.shtml","95725","IDN60801"
"94","Orange Airport","/products/IDN60801/IDN60801.95726.shtml","95726","IDN60801"
"95","Springwood","/products/IDN60801/IDN60801.95744.shtml","95744","IDN60801"
"96","Braidwood","/products/IDN60801/IDN60801.94927.shtml","94927","IDN60801"
"97","Burrinjuck Dam","/products/IDN60801/IDN60801.94909.shtml","94909","IDN60801"
"98","Canberra","/products/IDN60801/IDN60801.94926.shtml","94926","IDN60801"
"99","Goulburn","/products/IDN60801/IDN60801.94716.shtml","94716","IDN60801"
"100","Goulburn Airport","/products/IDN60801/IDN60801.95716.shtml","95716","IDN60801"
"101","Mount Ginini","/products/IDN60801/IDN60801.95925.shtml","95925","IDN60801"
"102","Nerriga","/products/IDN60801/IDN60801.94943.shtml","94943","IDN60801"
"103","Taralga","/products/IDN60801/IDN60801.94735.shtml","94735","IDN60801"
"104","Tuggeranong","/products/IDN60801/IDN60801.94925.shtml","94925","IDN60801"
"105","Bombala","/products/IDN60801/IDN60801.94928.shtml","94928","IDN60801"
"106","Bombala AWS","/products/IDN60801/IDN60801.94929.shtml","94929","IDN60801"
"107","Cabramurra","/products/IDN60801/IDN60801.95916.shtml","95916","IDN60801"
"108","Cooma","/products/IDN60801/IDN60801.94923.shtml","94923","IDN60801"
"109","Cooma Airport","/products/IDN60801/IDN60801.94921.shtml","94921","IDN60801"
"110","Perisher Valley","/products/IDN60801/IDN60801.94915.shtml","94915","IDN60801"
"111","Thredbo Top Station","/products/IDN60801/IDN60801.95909.shtml","95909","IDN60801"
"112","Thredbo Village","/products/IDN60801/IDN60801.95908.shtml","95908","IDN60801"
"113","Barraba","/products/IDN60801/IDN60801.94761.shtml","94761","IDN60801"
"114","Gunnedah Airport","/products/IDN60801/IDN60801.95740.shtml","95740","IDN60801"
"115","Moree","/products/IDN60801/IDN60801.95527.shtml","95527","IDN60801"
"116","Mungindi","/products/IDN60801/IDN60801.94520.shtml","94520","IDN60801"
"117","Narrabri","/products/IDN60801/IDN60801.95734.shtml","95734","IDN60801"
"118","Pindari Dam","/products/IDN60801/IDN60801.94544.shtml","94544","IDN60801"
"119","Quirindi","/products/IDN60801/IDN60801.95746.shtml","95746","IDN60801"
"120","Tamworth Airport","/products/IDN60801/IDN60801.95762.shtml","95762","IDN60801"
"121","Walgett","/products/IDN60801/IDN60801.95715.shtml","95715","IDN60801"
"122","Woolbrook","/products/IDN60801/IDN60801.94792.shtml","94792","IDN60801"
"123","Brewon","/products/IDN60801/IDN60801.94793.shtml","94793","IDN60801"
"124","Condobolin Airport","/products/IDN60801/IDN60801.95708.shtml","95708","IDN60801"
"125","Coonabarabran","/products/IDN60801/IDN60801.94728.shtml","94728","IDN60801"
"126","Coonabarabran Airport","/products/IDN60801/IDN60801.95728.shtml","95728","IDN60801"
"127","Coonamble","/products/IDN60801/IDN60801.95718.shtml","95718","IDN60801"
"128","Cowra","/products/IDN60801/IDN60801.95721.shtml","95721","IDN60801"
"129","Dubbo","/products/IDN60801/IDN60801.95719.shtml","95719","IDN60801"
"130","Dunedoo","/products/IDN60801/IDN60801.95727.shtml","95727","IDN60801"
"131","Forbes","/products/IDN60801/IDN60801.94715.shtml","94715","IDN60801"
"132","Girilambone","/products/IDN60801/IDN60801.94794.shtml","94794","IDN60801"
"133","Grenfell","/products/IDN60801/IDN60801.94725.shtml","94725","IDN60801"
"134","Lake Cargelligo","/products/IDN60801/IDN60801.95707.shtml","95707","IDN60801"
"135","Nyngan","/products/IDN60801/IDN60801.94708.shtml","94708","IDN60801"
"136","Parkes Airport","/products/IDN60801/IDN60801.95717.shtml","95717","IDN60801"
"137","Peak Hill","/products/IDN60801/IDN60801.94721.shtml","94721","IDN60801"
"138","Temora","/products/IDN60801/IDN60801.95722.shtml","95722","IDN60801"
"139","Trangie","/products/IDN60801/IDN60801.95710.shtml","95710","IDN60801"
"140","West Wyalong","/products/IDN60801/IDN60801.95709.shtml","95709","IDN60801"
"141","Cootamundra","/products/IDN60801/IDN60801.94714.shtml","94714","IDN60801"
"142","Gundagai","/products/IDN60801/IDN60801.94890.shtml","94890","IDN60801"
"143","Khancoban","/products/IDN60801/IDN60801.94919.shtml","94919","IDN60801"
"144","Tumbarumba","/products/IDN60801/IDN60801.94918.shtml","94918","IDN60801"
"145","Young","/products/IDN60801/IDN60801.94712.shtml","94712","IDN60801"
"146","Albury","/products/IDN60801/IDN60801.95896.shtml","95896","IDN60801"
"147","Deniliquin","/products/IDN60801/IDN60801.95869.shtml","95869","IDN60801"
"148","Griffith","/products/IDN60801/IDN60801.95704.shtml","95704","IDN60801"
"149","Hay Airport","/products/IDN60801/IDN60801.94702.shtml","94702","IDN60801"
"150","Hillston","/products/IDN60801/IDN60801.94700.shtml","94700","IDN60801"
"151","Hume Reservoir","/products/IDN60801/IDN60801.94901.shtml","94901","IDN60801"
"152","Kapooka (Defence)","/products/IDN60801/IDN60801.94944.shtml","94944","IDN60801"
"153","Narrandera Airport","/products/IDN60801/IDN60801.95706.shtml","95706","IDN60801"
"154","Swan Hill","/products/IDN60801/IDN60801.94843.shtml","94843","IDN60801"
"155","Tocumwal","/products/IDN60801/IDN60801.94877.shtml","94877","IDN60801"
"156","Wagga Wagga","/products/IDN60801/IDN60801.94910.shtml","94910","IDN60801"
"157","Yanco","/products/IDN60801/IDN60801.95705.shtml","95705","IDN60801"
"158","Yarrawonga","/products/IDN60801/IDN60801.94862.shtml","94862","IDN60801"
"159","Balranald","/products/IDN60801/IDN60801.94696.shtml","94696","IDN60801"
"160","Broken Hill Airport","/products/IDN60801/IDN60801.94691.shtml","94691","IDN60801"
"161","Ivanhoe Airport","/products/IDN60801/IDN60801.95697.shtml","95697","IDN60801"
"162","Lake Victoria","/products/IDN60801/IDN60801.94692.shtml","94692","IDN60801"
"163","Menindee","/products/IDN60801/IDN60801.94694.shtml","94694","IDN60801"
"164","Mildura","/products/IDN60801/IDN60801.94693.shtml","94693","IDN60801"
"165","Mount Hope","/products/IDN60801/IDN60801.95682.shtml","95682","IDN60801"
"166","Mulurulu","/products/IDN60801/IDN60801.94797.shtml","94797","IDN60801"
"167","Pooncarie","/products/IDN60801/IDN60801.95692.shtml","95692","IDN60801"
"168","Borrona Downs","/products/IDN60801/IDN60801.94407.shtml","94407","IDN60801"
"169","Bourke","/products/IDN60801/IDN60801.94703.shtml","94703","IDN60801"
"170","Brewarrina","/products/IDN60801/IDN60801.95512.shtml","95512","IDN60801"
"171","Cobar","/products/IDN60801/IDN60801.94711.shtml","94711","IDN60801"
"172","Cobar Airport","/products/IDN60801/IDN60801.94710.shtml","94710","IDN60801"
"173","Delta","/products/IDN60801/IDN60801.95681.shtml","95681","IDN60801"
"174","Fowlers Gap","/products/IDN60801/IDN60801.94686.shtml","94686","IDN60801"
"175","Lightning Ridge","/products/IDN60801/IDN60801.94498.shtml","94498","IDN60801"
"176","Noona","/products/IDN60801/IDN60801.94798.shtml","94798","IDN60801"
"177","Smithville","/products/IDN60801/IDN60801.94796.shtml","94796","IDN60801"
"178","Tibooburra Airport","/products/IDN60801/IDN60801.95485.shtml","95485","IDN60801"
"179","Wanaaring","/products/IDN60801/IDN60801.94497.shtml","94497","IDN60801"
"180","White Cliffs AWS","/products/IDN60801/IDN60801.95699.shtml","95699","IDN60801"
"181","Wilcannia Airport","/products/IDN60801/IDN60801.95695.shtml","95695","IDN60801"
"182","Lord Howe Island","/products/IDN60801/IDN60801.94995.shtml","94995","IDN60801"
"183","Lord Howe Island Windy Point","/products/IDN60801/IDN60801.95995.shtml","95995","IDN60801"
"184","Norfolk Island","/products/IDN60801/IDN60801.94996.shtml","94996","IDN60801"
"185","PORTABLE NPWS NSW02","/products/IDN60801/IDN60801.99999.shtml","99999","IDN60801"
"186","Tidbinbilla","/products/IDN60801/IDN60801.99762.shtml","99762","IDN60801"
"187","Mullion","/products/IDN60801/IDN60801.99763.shtml","99763","IDN60801"
"188","Kowen Forest","/products/IDN60801/IDN60801.99764.shtml","99764","IDN60801"
"189","Gudgenby","/products/IDN60801/IDN60801.99765.shtml","99765","IDN60801"
"190","PORTABLE RFSNSW02","/products/IDN60801/IDN60801.99072.shtml","99072","IDN60801"
"191","PORTABLE RFSNSW03","/products/IDN60801/IDN60801.99106.shtml","99106","IDN60801"
"192","PORTABLE RFSNSW05","/products/IDN60801/IDN60801.99108.shtml","99108","IDN60801"
"193","PORTABLE RFSNSW09","/products/IDN60801/IDN60801.99118.shtml","99118","IDN60801"
"194","PORTABLE RFSNSW10","/products/IDN60801/IDN60801.99752.shtml","99752","IDN60801"
"195","PORTABLE RFSNSW19","/products/IDN60801/IDN60801.99132.shtml","99132","IDN60801"
"196","Coconut Island","/products/IDQ60801/IDQ60801.94182.shtml","94182","IDQ60801"
"197","Coen Airport","/products/IDQ60801/IDQ60801.94183.shtml","94183","IDQ60801"
"198","Horn Island","/products/IDQ60801/IDQ60801.94174.shtml","94174","IDQ60801"
"199","Lockhart River","/products/IDQ60801/IDQ60801.94186.shtml","94186","IDQ60801"
"200","Palmerville","/products/IDQ60801/IDQ60801.94276.shtml","94276","IDQ60801"
"201","Thursday Island","/products/IDQ60801/IDQ60801.94181.shtml","94181","IDQ60801"
"202","Weipa","/products/IDQ60801/IDQ60801.94170.shtml","94170","IDQ60801"
"203","Burketown Airport","/products/IDQ60801/IDQ60801.94260.shtml","94260","IDQ60801"
"204","Kowanyama","/products/IDQ60801/IDQ60801.94268.shtml","94268","IDQ60801"
"205","Mornington Island Airport","/products/IDQ60801/IDQ60801.94254.shtml","94254","IDQ60801"
"206","Normanton","/products/IDQ60801/IDQ60801.94266.shtml","94266","IDQ60801"
"207","Sweers Island","/products/IDQ60801/IDQ60801.94257.shtml","94257","IDQ60801"
"208","Century Mine","/products/IDQ60801/IDQ60801.94261.shtml","94261","IDQ60801"
"209","Charters Towers","/products/IDQ60801/IDQ60801.94356.shtml","94356","IDQ60801"
"210","Georgetown Airport","/products/IDQ60801/IDQ60801.94274.shtml","94274","IDQ60801"
"211","Hughenden","/products/IDQ60801/IDQ60801.94343.shtml","94343","IDQ60801"
"212","Richmond","/products/IDQ60801/IDQ60801.94341.shtml","94341","IDQ60801"
"213","Arlington Reef","/products/IDQ60801/IDQ60801.94284.shtml","94284","IDQ60801"
"214","Cairns","/products/IDQ60801/IDQ60801.94287.shtml","94287","IDQ60801"
"215","Cairns Racecourse","/products/IDQ60801/IDQ60801.94288.shtml","94288","IDQ60801"
"216","Cape Flattery","/products/IDQ60801/IDQ60801.94188.shtml","94188","IDQ60801"
"217","Cardwell","/products/IDQ60801/IDQ60801.94292.shtml","94292","IDQ60801"
"218","Cooktown","/products/IDQ60801/IDQ60801.95283.shtml","95283","IDQ60801"
"219","Cowley Beach (Defence)","/products/IDQ60801/IDQ60801.99218.shtml","99218","IDQ60801"
"220","Innisfail","/products/IDQ60801/IDQ60801.94291.shtml","94291","IDQ60801"
"221","Innisfail Aero","/products/IDQ60801/IDQ60801.94280.shtml","94280","IDQ60801"
"222","Low Isles","/products/IDQ60801/IDQ60801.94285.shtml","94285","IDQ60801"
"223","Lucinda","/products/IDQ60801/IDQ60801.94295.shtml","94295","IDQ60801"
"224","Mareeba","/products/IDQ60801/IDQ60801.95286.shtml","95286","IDQ60801"
"225","South Johnstone","/products/IDQ60801/IDQ60801.95292.shtml","95292","IDQ60801"
"226","Alva Beach","/products/IDQ60801/IDQ60801.95296.shtml","95296","IDQ60801"
"227","Ayr","/products/IDQ60801/IDQ60801.95295.shtml","95295","IDQ60801"
"228","Bowen Airport AWS","/products/IDQ60801/IDQ60801.94383.shtml","94383","IDQ60801"
"229","Cape Ferguson","/products/IDQ60801/IDQ60801.94297.shtml","94297","IDQ60801"
"230","Ingham","/products/IDQ60801/IDQ60801.95291.shtml","95291","IDQ60801"
"231","Mount Stuart (Defence)","/products/IDQ60801/IDQ60801.94272.shtml","94272","IDQ60801"
"232","Townsville","/products/IDQ60801/IDQ60801.94294.shtml","94294","IDQ60801"
"233","Townsville Air Weapons Range (Defence)","/products/IDQ60801/IDQ60801.94271.shtml","94271","IDQ60801"
"234","Townsville - Fanning River (Defence)","/products/IDQ60801/IDQ60801.94273.shtml","94273","IDQ60801"
"235","Woolshed","/products/IDQ60801/IDQ60801.95293.shtml","95293","IDQ60801"
"236","Collinsville","/products/IDQ60801/IDQ60801.94360.shtml","94360","IDQ60801"
"237","Hamilton Island","/products/IDQ60801/IDQ60801.94368.shtml","94368","IDQ60801"
"238","Hay Point","/products/IDQ60801/IDQ60801.99367.shtml","99367","IDQ60801"
"239","Mackay","/products/IDQ60801/IDQ60801.94367.shtml","94367","IDQ60801"
"240","Mackay Airport","/products/IDQ60801/IDQ60801.95367.shtml","95367","IDQ60801"
"241","Mackay Racecourse","/products/IDQ60801/IDQ60801.94352.shtml","94352","IDQ60801"
"242","Middle Percy Island","/products/IDQ60801/IDQ60801.94372.shtml","94372","IDQ60801"
"243","Proserpine","/products/IDQ60801/IDQ60801.94365.shtml","94365","IDQ60801"
"244","Biloela","/products/IDQ60801/IDQ60801.94376.shtml","94376","IDQ60801"
"245","Gladstone","/products/IDQ60801/IDQ60801.94380.shtml","94380","IDQ60801"
"246","Gladstone Airport","/products/IDQ60801/IDQ60801.94381.shtml","94381","IDQ60801"
"247","Heron Island","/products/IDQ60801/IDQ60801.94386.shtml","94386","IDQ60801"
"248","Rockhampton","/products/IDQ60801/IDQ60801.94374.shtml","94374","IDQ60801"
"249","Rosslyn Bay Harbour","/products/IDQ60801/IDQ60801.95298.shtml","95298","IDQ60801"
"250","St Lawrence","/products/IDQ60801/IDQ60801.95369.shtml","95369","IDQ60801"
"251","Williamson","/products/IDQ60801/IDQ60801.95370.shtml","95370","IDQ60801"
"252","Samuel Hill","/products/IDQ60801/IDQ60801.94370.shtml","94370","IDQ60801"
"253","Yeppoon","/products/IDQ60801/IDQ60801.94373.shtml","94373","IDQ60801"
"254","Blackwater Airport","/products/IDQ60801/IDQ60801.94398.shtml","94398","IDQ60801"
"255","Clermont Airport","/products/IDQ60801/IDQ60801.94395.shtml","94395","IDQ60801"
"256","Emerald","/products/IDQ60801/IDQ60801.94363.shtml","94363","IDQ60801"
"257","Lochington","/products/IDQ60801/IDQ60801.94399.shtml","94399","IDQ60801"
"258","Moranbah Airport","/products/IDQ60801/IDQ60801.94397.shtml","94397","IDQ60801"
"259","Rolleston Airport","/products/IDQ60801/IDQ60801.94396.shtml","94396","IDQ60801"
"260","Springsure","/products/IDQ60801/IDQ60801.95362.shtml","95362","IDQ60801"
"261","Taroom","/products/IDQ60801/IDQ60801.94525.shtml","94525","IDQ60801"
"262","Barcaldine","/products/IDQ60801/IDQ60801.94350.shtml","94350","IDQ60801"
"263","Blackall","/products/IDQ60801/IDQ60801.95351.shtml","95351","IDQ60801"
"264","Isisford","/products/IDQ60801/IDQ60801.94345.shtml","94345","IDQ60801"
"265","Longreach","/products/IDQ60801/IDQ60801.94346.shtml","94346","IDQ60801"
"266","Tambo","/products/IDQ60801/IDQ60801.94355.shtml","94355","IDQ60801"
"267","Winton","/products/IDQ60801/IDQ60801.94342.shtml","94342","IDQ60801"
"268","Camooweal","/products/IDQ60801/IDQ60801.94255.shtml","94255","IDQ60801"
"269","Carters Bore","/products/IDQ60801/IDQ60801.94347.shtml","94347","IDQ60801"
"270","Cloncurry","/products/IDQ60801/IDQ60801.94335.shtml","94335","IDQ60801"
"271","Julia Creek","/products/IDQ60801/IDQ60801.94337.shtml","94337","IDQ60801"
"272","Lake Julius","/products/IDQ60801/IDQ60801.94348.shtml","94348","IDQ60801"
"273","Mount Isa","/products/IDQ60801/IDQ60801.94332.shtml","94332","IDQ60801"
"274","New May Downs","/products/IDQ60801/IDQ60801.94349.shtml","94349","IDQ60801"
"275","The Monument","/products/IDQ60801/IDQ60801.94336.shtml","94336","IDQ60801"
"276","Trepell","/products/IDQ60801/IDQ60801.94338.shtml","94338","IDQ60801"
"277","Urandangi","/products/IDQ60801/IDQ60801.94344.shtml","94344","IDQ60801"
"278","Ballera","/products/IDQ60801/IDQ60801.95487.shtml","95487","IDQ60801"
"279","Birdsville","/products/IDQ60801/IDQ60801.95482.shtml","95482","IDQ60801"
"280","Thargomindah","/products/IDQ60801/IDQ60801.95492.shtml","95492","IDQ60801"
"281","Windorah","/products/IDQ60801/IDQ60801.94489.shtml","94489","IDQ60801"
"282","Bollon","/products/IDQ60801/IDQ60801.94513.shtml","94513","IDQ60801"
"283","Charleville","/products/IDQ60801/IDQ60801.94510.shtml","94510","IDQ60801"
"284","Cunnamulla","/products/IDQ60801/IDQ60801.94500.shtml","94500","IDQ60801"
"285","Injune","/products/IDQ60801/IDQ60801.94511.shtml","94511","IDQ60801"
"286","Mitchell","/products/IDQ60801/IDQ60801.94514.shtml","94514","IDQ60801"
"287","Roma","/products/IDQ60801/IDQ60801.94515.shtml","94515","IDQ60801"
"288","St George","/products/IDQ60801/IDQ60801.94517.shtml","94517","IDQ60801"
"289","Surat","/products/IDQ60801/IDQ60801.94521.shtml","94521","IDQ60801"
"290","Applethorpe","/products/IDQ60801/IDQ60801.94553.shtml","94553","IDQ60801"
"291","Dalby","/products/IDQ60801/IDQ60801.94542.shtml","94542","IDQ60801"
"292","Miles","/products/IDQ60801/IDQ60801.95529.shtml","95529","IDQ60801"
"293","Oakey","/products/IDQ60801/IDQ60801.94552.shtml","94552","IDQ60801"
"294","Stanthorpe","/products/IDQ60801/IDQ60801.94550.shtml","94550","IDQ60801"
"295","Texas","/products/IDQ60801/IDQ60801.95533.shtml","95533","IDQ60801"
"296","Toowoomba","/products/IDQ60801/IDQ60801.95551.shtml","95551","IDQ60801"
"297","Warwick","/products/IDQ60801/IDQ60801.94555.shtml","94555","IDQ60801"
"298","Wellcamp Airport","/products/IDQ60801/IDQ60801.99435.shtml","99435","IDQ60801"
"299","Bundaberg","/products/IDQ60801/IDQ60801.94387.shtml","94387","IDQ60801"
"300","Double Island Point","/products/IDQ60801/IDQ60801.94584.shtml","94584","IDQ60801"
"301","Gayndah","/products/IDQ60801/IDQ60801.95543.shtml","95543","IDQ60801"
"302","Gympie","/products/IDQ60801/IDQ60801.94566.shtml","94566","IDQ60801"
"303","Hervey Bay","/products/IDQ60801/IDQ60801.95565.shtml","95565","IDQ60801"
"304","Kingaroy","/products/IDQ60801/IDQ60801.94549.shtml","94549","IDQ60801"
"305","Lady Elliot Island","/products/IDQ60801/IDQ60801.94388.shtml","94388","IDQ60801"
"306","Maryborough","/products/IDQ60801/IDQ60801.94567.shtml","94567","IDQ60801"
"307","Monto Township","/products/IDQ60801/IDQ60801.94377.shtml","94377","IDQ60801"
"308","Rainbow Beach","/products/IDQ60801/IDQ60801.94564.shtml","94564","IDQ60801"
"309","Sandy Cape","/products/IDQ60801/IDQ60801.94390.shtml","94390","IDQ60801"
"310","Seventeen Seventy","/products/IDQ60801/IDQ60801.94384.shtml","94384","IDQ60801"
"311","Tin Can Bay (Defence)","/products/IDQ60801/IDQ60801.94420.shtml","94420","IDQ60801"
"312","Amberley","/products/IDQ60801/IDQ60801.94568.shtml","94568","IDQ60801"
"313","Archerfield","/products/IDQ60801/IDQ60801.94575.shtml","94575","IDQ60801"
"314","Banana Bank","/products/IDQ60801/IDQ60801.94591.shtml","94591","IDQ60801"
"315","Beerburrum","/products/IDQ60801/IDQ60801.95566.shtml","95566","IDQ60801"
"316","Beaudesert AWS","/products/IDQ60801/IDQ60801.95575.shtml","95575","IDQ60801"
"317","Brisbane","/products/IDQ60801/IDQ60801.94576.shtml","94576","IDQ60801"
"318","Brisbane Airport","/products/IDQ60801/IDQ60801.94578.shtml","94578","IDQ60801"
"319","Canungra (Defence)","/products/IDQ60801/IDQ60801.94418.shtml","94418","IDQ60801"
"320","Cape Moreton","/products/IDQ60801/IDQ60801.94594.shtml","94594","IDQ60801"
"321","Coolangatta","/products/IDQ60801/IDQ60801.94592.shtml","94592","IDQ60801"
"322","Gatton","/products/IDQ60801/IDQ60801.94562.shtml","94562","IDQ60801"
"323","Gold Coast Seaway","/products/IDQ60801/IDQ60801.94580.shtml","94580","IDQ60801"
"324","Greenbank (Defence)","/products/IDQ60801/IDQ60801.94419.shtml","94419","IDQ60801"
"325","Logan City","/products/IDQ60801/IDQ60801.95581.shtml","95581","IDQ60801"
"326","Nambour","/products/IDQ60801/IDQ60801.95572.shtml","95572","IDQ60801"
"327","Point Lookout","/products/IDQ60801/IDQ60801.94593.shtml","94593","IDQ60801"
"328","Rainbow Beach","/products/IDQ60801/IDQ60801.94564.shtml","94564","IDQ60801"
"329","Redcliffe","/products/IDQ60801/IDQ60801.95591.shtml","95591","IDQ60801"
"330","Redland (Alexandra Hills)","/products/IDQ60801/IDQ60801.94561.shtml","94561","IDQ60801"
"331","Spitfire Channel","/products/IDQ60801/IDQ60801.94581.shtml","94581","IDQ60801"
"332","Sunshine Coast Airport","/products/IDQ60801/IDQ60801.94569.shtml","94569","IDQ60801"
"333","Tewantin","/products/IDQ60801/IDQ60801.94570.shtml","94570","IDQ60801"
"334","Bougainville Reef","/products/IDQ60801/IDQ60801.95288.shtml","95288","IDQ60801"
"335","Cato Island","/products/IDQ60801/IDQ60801.94394.shtml","94394","IDQ60801"
"336","Creal Reef","/products/IDQ60801/IDQ60801.94371.shtml","94371","IDQ60801"
"337","Flinders Reef","/products/IDQ60801/IDQ60801.94290.shtml","94290","IDQ60801"
"338","Frederick Reef","/products/IDQ60801/IDQ60801.94393.shtml","94393","IDQ60801"
"339","Gannett Cay","/products/IDQ60801/IDQ60801.94379.shtml","94379","IDQ60801"
"340","Holmes Reef","/products/IDQ60801/IDQ60801.94289.shtml","94289","IDQ60801"
"341","Marion Reef","/products/IDQ60801/IDQ60801.94298.shtml","94298","IDQ60801"
"342","Willis Island","/products/IDQ60801/IDQ60801.94299.shtml","94299","IDQ60801"
"343","PORTABLE QFRG NR","/products/IDQ60801/IDQ60801.99115.shtml","99115","IDQ60801"
"344","PORTABLE QFRI (Inglewood)","/products/IDQ60801/IDQ60801.99122.shtml","99122","IDQ60801"
"345","PORTABLE QFRJ (North Tamborine)","/products/IDQ60801/IDQ60801.99123.shtml","99123","IDQ60801"
"346","PORTABLE QFRK (Ravenshoe)","/products/IDQ60801/IDQ60801.99124.shtml","99124","IDQ60801"
"347","PORTABLE QFRL (Mt Fox)","/products/IDQ60801/IDQ60801.99125.shtml","99125","IDQ60801"
"348","King Island Airport","/products/IDT60801/IDT60801.94850.shtml","94850","IDT60801"
"349","Burnie Port","/products/IDT60801/IDT60801.95963.shtml","95963","IDT60801"
"350","Cape Grim","/products/IDT60801/IDT60801.95954.shtml","95954","IDT60801"
"351","Devonport Airport","/products/IDT60801/IDT60801.95960.shtml","95960","IDT60801"
"352","Luncheon Hill","/products/IDT60801/IDT60801.95956.shtml","95956","IDT60801"
"353","Marrawah","/products/IDT60801/IDT60801.94950.shtml","94950","IDT60801"
"354","Sheffield","/products/IDT60801/IDT60801.94955.shtml","94955","IDT60801"
"355","Smithton","/products/IDT60801/IDT60801.94953.shtml","94953","IDT60801"
"356","Wynyard","/products/IDT60801/IDT60801.95957.shtml","95957","IDT60801"
"357","Cressy","/products/IDT60801/IDT60801.95969.shtml","95969","IDT60801"
"358","Launceston","/products/IDT60801/IDT60801.94969.shtml","94969","IDT60801"
"359","Launceston Airport","/products/IDT60801/IDT60801.95966.shtml","95966","IDT60801"
"360","Low Head","/products/IDT60801/IDT60801.95964.shtml","95964","IDT60801"
"361","Flinders Island Airport","/products/IDT60801/IDT60801.94980.shtml","94980","IDT60801"
"362","Hogan Island","/products/IDT60801/IDT60801.94949.shtml","94949","IDT60801"
"363","Larapuna (Eddystone Point)","/products/IDT60801/IDT60801.94983.shtml","94983","IDT60801"
"364","Scottsdale","/products/IDT60801/IDT60801.94972.shtml","94972","IDT60801"
"365","Swan Island","/products/IDT60801/IDT60801.95985.shtml","95985","IDT60801"
"366","Ross","/products/IDT60801/IDT60801.94985.shtml","94985","IDT60801"
"367","Melton Mowbray","/products/IDT60801/IDT60801.94971.shtml","94971","IDT60801"
"368","Tunnack","/products/IDT60801/IDT60801.94960.shtml","94960","IDT60801"
"369","Cape Sorell","/products/IDT60801/IDT60801.94974.shtml","94974","IDT60801"
"370","Low Rocky Point","/products/IDT60801/IDT60801.95961.shtml","95961","IDT60801"
"371","Maatsuyker Island","/products/IDT60801/IDT60801.94962.shtml","94962","IDT60801"
"372","Maydena","/products/IDT60801/IDT60801.94963.shtml","94963","IDT60801"
"373","Mount Read","/products/IDT60801/IDT60801.95952.shtml","95952","IDT60801"
"374","Scotts Peak","/products/IDT60801/IDT60801.95958.shtml","95958","IDT60801"
"375","Strahan","/products/IDT60801/IDT60801.94956.shtml","94956","IDT60801"
"376","Warra","/products/IDT60801/IDT60801.95962.shtml","95962","IDT60801"
"377","Butlers Gorge","/products/IDT60801/IDT60801.94959.shtml","94959","IDT60801"
"378","Lake St Clair","/products/IDT60801/IDT60801.94976.shtml","94976","IDT60801"
"379","Liawenee","/products/IDT60801/IDT60801.95959.shtml","95959","IDT60801"
"380","Bushy Park","/products/IDT60801/IDT60801.94964.shtml","94964","IDT60801"
"381","Ouse","/products/IDT60801/IDT60801.94957.shtml","94957","IDT60801"
"382","Fingal","/products/IDT60801/IDT60801.95974.shtml","95974","IDT60801"
"383","Friendly Beaches","/products/IDT60801/IDT60801.94987.shtml","94987","IDT60801"
"384","Lake Leake","/products/IDT60801/IDT60801.94979.shtml","94979","IDT60801"
"385","Maria Island","/products/IDT60801/IDT60801.95988.shtml","95988","IDT60801"
"386","Orford","/products/IDT60801/IDT60801.95984.shtml","95984","IDT60801"
"387","Spring Bay","/products/IDT60801/IDT60801.95987.shtml","95987","IDT60801"
"388","St Helens","/products/IDT60801/IDT60801.95981.shtml","95981","IDT60801"
"389","Swansea","/products/IDT60801/IDT60801.94981.shtml","94981","IDT60801"
"390","Cape Bruny","/products/IDT60801/IDT60801.94967.shtml","94967","IDT60801"
"391","Cape Bruny AWS","/products/IDT60801/IDT60801.95967.shtml","95967","IDT60801"
"392","Campania","/products/IDT60801/IDT60801.95972.shtml","95972","IDT60801"
"393","Dennes Point","/products/IDT60801/IDT60801.94988.shtml","94988","IDT60801"
"394","Dover","/products/IDT60801/IDT60801.94961.shtml","94961","IDT60801"
"395","Dunalley","/products/IDT60801/IDT60801.94951.shtml","94951","IDT60801"
"396","Grove","/products/IDT60801/IDT60801.95977.shtml","95977","IDT60801"
"397","Hobart","/products/IDT60801/IDT60801.94970.shtml","94970","IDT60801"
"398","Hobart Airport","/products/IDT60801/IDT60801.94975.shtml","94975","IDT60801"
"399","kunanyi / Mount Wellington","/products/IDT60801/IDT60801.95979.shtml","95979","IDT60801"
"400","Tasman Island","/products/IDT60801/IDT60801.95986.shtml","95986","IDT60801"
"401","Hartz Mountains","/products/IDT60801/IDT60801.94977.shtml","94977","IDT60801"
"402","Macquarie Island","/products/IDT60801/IDT60801.94998.shtml","94998","IDT60801"
"403","PWS C","/products/IDT60801/IDT60801.99142.shtml","99142","IDT60801"
"404","Charlton","/products/IDV60801/IDV60801.94839.shtml","94839","IDV60801"
"405","Hopetoun Airport","/products/IDV60801/IDV60801.94838.shtml","94838","IDV60801"
"406","Kerang","/products/IDV60801/IDV60801.94844.shtml","94844","IDV60801"
"407","Mildura","/products/IDV60801/IDV60801.94693.shtml","94693","IDV60801"
"408","Swan Hill","/products/IDV60801/IDV60801.94843.shtml","94843","IDV60801"
"409","Walpeup","/products/IDV60801/IDV60801.95831.shtml","95831","IDV60801"
"410","Edenhope","/products/IDV60801/IDV60801.95832.shtml","95832","IDV60801"
"411","Horsham","/products/IDV60801/IDV60801.95839.shtml","95839","IDV60801"
"412","Kanagulk","/products/IDV60801/IDV60801.95827.shtml","95827","IDV60801"
"413","Longerenong","/products/IDV60801/IDV60801.95835.shtml","95835","IDV60801"
"414","Nhill Aerodrome","/products/IDV60801/IDV60801.94827.shtml","94827","IDV60801"
"415","Stawell","/products/IDV60801/IDV60801.94836.shtml","94836","IDV60801"
"416","Warracknabeal","/products/IDV60801/IDV60801.94841.shtml","94841","IDV60801"
"417","Warracknabeal Airport","/products/IDV60801/IDV60801.94920.shtml","94920","IDV60801"
"418","Ararat","/products/IDV60801/IDV60801.94834.shtml","94834","IDV60801"
"419","Ben Nevis","/products/IDV60801/IDV60801.94835.shtml","94835","IDV60801"
"420","Cape Nelson","/products/IDV60801/IDV60801.94826.shtml","94826","IDV60801"
"421","Cape Otway","/products/IDV60801/IDV60801.94842.shtml","94842","IDV60801"
"422","Casterton","/products/IDV60801/IDV60801.95825.shtml","95825","IDV60801"
"423","Dartmoor","/products/IDV60801/IDV60801.95822.shtml","95822","IDV60801"
"424","Hamilton","/products/IDV60801/IDV60801.94829.shtml","94829","IDV60801"
"425","Mortlake","/products/IDV60801/IDV60801.94840.shtml","94840","IDV60801"
"426","Mount Gellibrand","/products/IDV60801/IDV60801.95845.shtml","95845","IDV60801"
"427","Mount William","/products/IDV60801/IDV60801.94833.shtml","94833","IDV60801"
"428","Port Fairy","/products/IDV60801/IDV60801.94830.shtml","94830","IDV60801"
"429","Portland Airport","/products/IDV60801/IDV60801.94828.shtml","94828","IDV60801"
"430","Portland Harbour","/products/IDV60801/IDV60801.95826.shtml","95826","IDV60801"
"431","Warrnambool","/products/IDV60801/IDV60801.94837.shtml","94837","IDV60801"
"432","Westmere","/products/IDV60801/IDV60801.95840.shtml","95840","IDV60801"
"433","Aireys Inlet","/products/IDV60801/IDV60801.94846.shtml","94846","IDV60801"
"434","Avalon","/products/IDV60801/IDV60801.94854.shtml","94854","IDV60801"
"435","Ballarat","/products/IDV60801/IDV60801.94852.shtml","94852","IDV60801"
"436","Cerberus","/products/IDV60801/IDV60801.94898.shtml","94898","IDV60801"
"437","Coldstream","/products/IDV60801/IDV60801.94864.shtml","94864","IDV60801"
"438","Cranbourne","/products/IDV60801/IDV60801.94879.shtml","94879","IDV60801"
"439","Essendon Airport","/products/IDV60801/IDV60801.95866.shtml","95866","IDV60801"
"440","Fawkner Beacon","/products/IDV60801/IDV60801.95872.shtml","95872","IDV60801"
"441","Ferny Creek","/products/IDV60801/IDV60801.94872.shtml","94872","IDV60801"
"442","Frankston","/products/IDV60801/IDV60801.94871.shtml","94871","IDV60801"
"443","Geelong Racecourse","/products/IDV60801/IDV60801.94857.shtml","94857","IDV60801"
"444","Laverton","/products/IDV60801/IDV60801.94865.shtml","94865","IDV60801"
"445","Melbourne Airport","/products/IDV60801/IDV60801.94866.shtml","94866","IDV60801"
"446","Melbourne (Olympic Park)","/products/IDV60801/IDV60801.95936.shtml","95936","IDV60801"
"447","Moorabbin Airport","/products/IDV60801/IDV60801.94870.shtml","94870","IDV60801"
"448","Pound Creek","/products/IDV60801/IDV60801.94886.shtml","94886","IDV60801"
"449","Rhyll","/products/IDV60801/IDV60801.94892.shtml","94892","IDV60801"
"450","Scoresby","/products/IDV60801/IDV60801.95867.shtml","95867","IDV60801"
"451","Sheoaks","/products/IDV60801/IDV60801.94863.shtml","94863","IDV60801"
"452","South Channel Island","/products/IDV60801/IDV60801.94853.shtml","94853","IDV60801"
"453","St Kilda Harbour RMYS","/products/IDV60801/IDV60801.95864.shtml","95864","IDV60801"
"454","Viewbank","/products/IDV60801/IDV60801.95874.shtml","95874","IDV60801"
"455","Wonthaggi","/products/IDV60801/IDV60801.95881.shtml","95881","IDV60801"
"456","Bendigo","/products/IDV60801/IDV60801.94855.shtml","94855","IDV60801"
"457","Echuca","/products/IDV60801/IDV60801.94861.shtml","94861","IDV60801"
"458","Kyabram","/products/IDV60801/IDV60801.95833.shtml","95833","IDV60801"
"459","Mangalore","/products/IDV60801/IDV60801.94874.shtml","94874","IDV60801"
"460","Redesdale","/products/IDV60801/IDV60801.94859.shtml","94859","IDV60801"
"461","Shepparton","/products/IDV60801/IDV60801.94875.shtml","94875","IDV60801"
"462","Strathbogie","/products/IDV60801/IDV60801.95843.shtml","95843","IDV60801"
"463","Tatura","/products/IDV60801/IDV60801.95836.shtml","95836","IDV60801"
"464","Yarrawonga","/products/IDV60801/IDV60801.94862.shtml","94862","IDV60801"
"465","Albury","/products/IDV60801/IDV60801.95896.shtml","95896","IDV60801"
"466","Benalla","/products/IDV60801/IDV60801.94884.shtml","94884","IDV60801"
"467","Edi Upper","/products/IDV60801/IDV60801.95838.shtml","95838","IDV60801"
"468","Falls Creek","/products/IDV60801/IDV60801.94903.shtml","94903","IDV60801"
"469","Hunters Hill","/products/IDV60801/IDV60801.94878.shtml","94878","IDV60801"
"470","Lake Dartmouth","/products/IDV60801/IDV60801.94888.shtml","94888","IDV60801"
"471","Mount Buller","/products/IDV60801/IDV60801.94894.shtml","94894","IDV60801"
"472","Mount Hotham Airport","/products/IDV60801/IDV60801.94905.shtml","94905","IDV60801"
"473","Mount Hotham","/products/IDV60801/IDV60801.94906.shtml","94906","IDV60801"
"474","Rutherglen","/products/IDV60801/IDV60801.95837.shtml","95837","IDV60801"
"475","Wangaratta","/products/IDV60801/IDV60801.94889.shtml","94889","IDV60801"
"476","Castlemaine","/products/IDV60801/IDV60801.95853.shtml","95853","IDV60801"
"477","Eildon Fire Tower","/products/IDV60801/IDV60801.94881.shtml","94881","IDV60801"
"478","Kilmore Gap","/products/IDV60801/IDV60801.94860.shtml","94860","IDV60801"
"479","Lake Eildon","/products/IDV60801/IDV60801.94882.shtml","94882","IDV60801"
"480","Maryborough","/products/IDV60801/IDV60801.94849.shtml","94849","IDV60801"
"481","Puckapunyal-Lyon Hill (Defence)","/products/IDV60801/IDV60801.94858.shtml","94858","IDV60801"
"482","Puckapunyal West (Defence)","/products/IDV60801/IDV60801.94856.shtml","94856","IDV60801"
"483","East Sale Airport","/products/IDV60801/IDV60801.95907.shtml","95907","IDV60801"
"484","Hogan Island","/products/IDV60801/IDV60801.94949.shtml","94949","IDV60801"
"485","Latrobe Valley","/products/IDV60801/IDV60801.94891.shtml","94891","IDV60801"
"486","Mount Baw Baw","/products/IDV60801/IDV60801.95901.shtml","95901","IDV60801"
"487","Mount Moornapa","/products/IDV60801/IDV60801.95913.shtml","95913","IDV60801"
"488","Warragul (Nilma North)","/products/IDV60801/IDV60801.99806.shtml","99806","IDV60801"
"489","Wilsons Promontory","/products/IDV60801/IDV60801.94893.shtml","94893","IDV60801"
"490","Yanakie","/products/IDV60801/IDV60801.94911.shtml","94911","IDV60801"
"491","Yarram Airport","/products/IDV60801/IDV60801.95890.shtml","95890","IDV60801"
"492","Bairnsdale","/products/IDV60801/IDV60801.94912.shtml","94912","IDV60801"
"493","Combienbar","/products/IDV60801/IDV60801.94914.shtml","94914","IDV60801"
"494","Gabo Island","/products/IDV60801/IDV60801.94933.shtml","94933","IDV60801"
"495","Gelantipy","/products/IDV60801/IDV60801.94913.shtml","94913","IDV60801"
"496","Kingfish B","/products/IDV60801/IDV60801.55039.shtml","55039","IDV60801"
"497","Lakes Entrance","/products/IDV60801/IDV60801.95904.shtml","95904","IDV60801"
"498","Mallacoota","/products/IDV60801/IDV60801.94935.shtml","94935","IDV60801"
"499","Mount Nowa Nowa","/products/IDV60801/IDV60801.94930.shtml","94930","IDV60801"
"500","Omeo","/products/IDV60801/IDV60801.94908.shtml","94908","IDV60801"
"501","Orbost","/products/IDV60801/IDV60801.95918.shtml","95918","IDV60801"
"502","Point Hicks","/products/IDV60801/IDV60801.94932.shtml","94932","IDV60801"
"503","Adelaide (West Terrace /  ngayirdapira)","/products/IDS60801/IDS60801.94648.shtml","94648","IDS60801"
"504","Adelaide (Kent Town)","/products/IDS60801/IDS60801.94675.shtml","94675","IDS60801"
"505","Adelaide Airport","/products/IDS60801/IDS60801.94672.shtml","94672","IDS60801"
"506","Edinburgh","/products/IDS60801/IDS60801.95676.shtml","95676","IDS60801"
"507","Hindmarsh Island","/products/IDS60801/IDS60801.94677.shtml","94677","IDS60801"
"508","Kuitpo","/products/IDS60801/IDS60801.94683.shtml","94683","IDS60801"
"509","Mount Barker","/products/IDS60801/IDS60801.94806.shtml","94806","IDS60801"
"510","Mount Crawford","/products/IDS60801/IDS60801.94678.shtml","94678","IDS60801"
"511","Mount Lofty","/products/IDS60801/IDS60801.95678.shtml","95678","IDS60801"
"512","Noarlunga","/products/IDS60801/IDS60801.94808.shtml","94808","IDS60801"
"513","Nuriootpa","/products/IDS60801/IDS60801.94681.shtml","94681","IDS60801"
"514","Outer Harbor (Black Pole)","/products/IDS60801/IDS60801.95675.shtml","95675","IDS60801"
"515","Parafield","/products/IDS60801/IDS60801.95677.shtml","95677","IDS60801"
"516","Parawa West","/products/IDS60801/IDS60801.94811.shtml","94811","IDS60801"
"517","Sellicks Hill","/products/IDS60801/IDS60801.95679.shtml","95679","IDS60801"
"518","Strathalbyn","/products/IDS60801/IDS60801.94814.shtml","94814","IDS60801"
"519","Cape Borda","/products/IDS60801/IDS60801.95805.shtml","95805","IDS60801"
"520","Cape Willoughby","/products/IDS60801/IDS60801.94822.shtml","94822","IDS60801"
"521","Edithburgh","/products/IDS60801/IDS60801.94809.shtml","94809","IDS60801"
"522","Kadina","/products/IDS60801/IDS60801.94685.shtml","94685","IDS60801"
"523","Kingscote","/products/IDS60801/IDS60801.95807.shtml","95807","IDS60801"
"524","Maitland","/products/IDS60801/IDS60801.94665.shtml","94665","IDS60801"
"525","Minlaton Airport","/products/IDS60801/IDS60801.95659.shtml","95659","IDS60801"
"526","Parndana","/products/IDS60801/IDS60801.94807.shtml","94807","IDS60801"
"527","Stenhouse Bay","/products/IDS60801/IDS60801.95806.shtml","95806","IDS60801"
"528","Warburto Point","/products/IDS60801/IDS60801.94666.shtml","94666","IDS60801"
"529","Warooka","/products/IDS60801/IDS60801.94663.shtml","94663","IDS60801"
"530","Cape Jaffa","/products/IDS60801/IDS60801.94813.shtml","94813","IDS60801"
"531","Coonawarra","/products/IDS60801/IDS60801.94817.shtml","94817","IDS60801"
"532","Keith","/products/IDS60801/IDS60801.94816.shtml","94816","IDS60801"
"533","Keith West","/products/IDS60801/IDS60801.95815.shtml","95815","IDS60801"
"534","Mount Gambier","/products/IDS60801/IDS60801.94821.shtml","94821","IDS60801"
"535","Naracoorte","/products/IDS60801/IDS60801.94820.shtml","94820","IDS60801"
"536","Padthaway","/products/IDS60801/IDS60801.95823.shtml","95823","IDS60801"
"537","Robe Airport","/products/IDS60801/IDS60801.95816.shtml","95816","IDS60801"
"538","Karoonda","/products/IDS60801/IDS60801.95813.shtml","95813","IDS60801"
"539","Lameroo AWS","/products/IDS60801/IDS60801.94690.shtml","94690","IDS60801"
"540","Loxton","/products/IDS60801/IDS60801.94682.shtml","94682","IDS60801"
"541","Murray Bridge","/products/IDS60801/IDS60801.95812.shtml","95812","IDS60801"
"542","Pallamana","/products/IDS60801/IDS60801.95818.shtml","95818","IDS60801"
"543","Renmark Airport","/products/IDS60801/IDS60801.95687.shtml","95687","IDS60801"
"544","Clare","/products/IDS60801/IDS60801.95667.shtml","95667","IDS60801"
"545","Eudunda","/products/IDS60801/IDS60801.94680.shtml","94680","IDS60801"
"546","Hawker","/products/IDS60801/IDS60801.94673.shtml","94673","IDS60801"
"547","Port Augusta","/products/IDS60801/IDS60801.95666.shtml","95666","IDS60801"
"548","Port Pirie Airport AWS","/products/IDS60801/IDS60801.99749.shtml","99749","IDS60801"
"549","Roseworthy","/products/IDS60801/IDS60801.95671.shtml","95671","IDS60801"
"550","Snowtown","/products/IDS60801/IDS60801.95670.shtml","95670","IDS60801"
"551","Turretfield","/products/IDS60801/IDS60801.95674.shtml","95674","IDS60801"
"552","Yongala","/products/IDS60801/IDS60801.94679.shtml","94679","IDS60801"
"553","Ceduna","/products/IDS60801/IDS60801.94653.shtml","94653","IDS60801"
"554","Cleve","/products/IDS60801/IDS60801.94661.shtml","94661","IDS60801"
"555","Cleve Airport","/products/IDS60801/IDS60801.94662.shtml","94662","IDS60801"
"556","Cultana (Defence)","/products/IDS60801/IDS60801.95683.shtml","95683","IDS60801"
"557","Cummins Airport","/products/IDS60801/IDS60801.95663.shtml","95663","IDS60801"
"558","Elliston","/products/IDS60801/IDS60801.94656.shtml","94656","IDS60801"
"559","Kimba","/products/IDS60801/IDS60801.94668.shtml","94668","IDS60801"
"560","Kyancutta","/products/IDS60801/IDS60801.94657.shtml","94657","IDS60801"
"561","Minnipa RS","/products/IDS60801/IDS60801.95662.shtml","95662","IDS60801"
"562","Neptune Island","/products/IDS60801/IDS60801.94804.shtml","94804","IDS60801"
"563","Nullarbor","/products/IDS60801/IDS60801.94651.shtml","94651","IDS60801"
"564","Point Avoid","/products/IDS60801/IDS60801.95649.shtml","95649","IDS60801"
"565","Port Lincoln Airport","/products/IDS60801/IDS60801.95661.shtml","95661","IDS60801"
"566","Streaky Bay","/products/IDS60801/IDS60801.94654.shtml","94654","IDS60801"
"567","Whyalla","/products/IDS60801/IDS60801.95664.shtml","95664","IDS60801"
"568","Wudinna Airport","/products/IDS60801/IDS60801.95654.shtml","95654","IDS60801"
"569","Andamooka","/products/IDS60801/IDS60801.95660.shtml","95660","IDS60801"
"570","Arkaroola","/products/IDS60801/IDS60801.94676.shtml","94676","IDS60801"
"571","Coober Pedy Airport","/products/IDS60801/IDS60801.95458.shtml","95458","IDS60801"
"572","Ernabella/Pukatja","/products/IDS60801/IDS60801.94474.shtml","94474","IDS60801"
"573","Gluepot","/products/IDS60801/IDS60801.95668.shtml","95668","IDS60801"
"574","Leigh Creek","/products/IDS60801/IDS60801.94674.shtml","94674","IDS60801"
"575","Marree Airport","/products/IDS60801/IDS60801.95480.shtml","95480","IDS60801"
"576","Moomba Airport","/products/IDS60801/IDS60801.95481.shtml","95481","IDS60801"
"577","Mount Ive","/products/IDS60801/IDS60801.94660.shtml","94660","IDS60801"
"578","Oodnadatta","/products/IDS60801/IDS60801.94476.shtml","94476","IDS60801"
"579","Roxby Downs","/products/IDS60801/IDS60801.95658.shtml","95658","IDS60801"
"580","Tarcoola","/products/IDS60801/IDS60801.94655.shtml","94655","IDS60801"
"581","Woomera","/products/IDS60801/IDS60801.94659.shtml","94659","IDS60801"
"582","Yunta","/products/IDS60801/IDS60801.94684.shtml","94684","IDS60801"
"583","Adele Island","/products/IDW60801/IDW60801.94210.shtml","94210","IDW60801"
"584","Argyle","/products/IDW60801/IDW60801.94217.shtml","94217","IDW60801"
"585","Broome","/products/IDW60801/IDW60801.94203.shtml","94203","IDW60801"
"586","Broome Port","/products/IDW60801/IDW60801.95202.shtml","95202","IDW60801"
"587","Browse Island","/products/IDW60801/IDW60801.94103.shtml","94103","IDW60801"
"588","Curtin","/products/IDW60801/IDW60801.94204.shtml","94204","IDW60801"
"589","Cygnet Bay","/products/IDW60801/IDW60801.94201.shtml","94201","IDW60801"
"590","Derby","/products/IDW60801/IDW60801.95205.shtml","95205","IDW60801"
"591","Fitzroy Crossing","/products/IDW60801/IDW60801.94206.shtml","94206","IDW60801"
"592","Halls Creek","/products/IDW60801/IDW60801.94212.shtml","94212","IDW60801"
"593","Kalumburu","/products/IDW60801/IDW60801.94100.shtml","94100","IDW60801"
"594","Kununurra Airport","/products/IDW60801/IDW60801.94216.shtml","94216","IDW60801"
"595","Lombadina","/products/IDW60801/IDW60801.99206.shtml","99206","IDW60801"
"596","Mandora","/products/IDW60801/IDW60801.94200.shtml","94200","IDW60801"
"597","Mount Elizabeth","/products/IDW60801/IDW60801.94211.shtml","94211","IDW60801"
"598","Rowley Shoals","/products/IDW60801/IDW60801.94207.shtml","94207","IDW60801"
"599","Troughton Island","/products/IDW60801/IDW60801.94102.shtml","94102","IDW60801"
"600","Truscott","/products/IDW60801/IDW60801.95101.shtml","95101","IDW60801"
"601","West Roebuck","/products/IDW60801/IDW60801.95204.shtml","95204","IDW60801"
"602","Wyndham Airport","/products/IDW60801/IDW60801.95214.shtml","95214","IDW60801"
"603","Yampi Sound (Defence)","/products/IDW60801/IDW60801.95208.shtml","95208","IDW60801"
"604","Barimunya","/products/IDW60801/IDW60801.99313.shtml","99313","IDW60801"
"605","Barrow Island","/products/IDW60801/IDW60801.95304.shtml","95304","IDW60801"
"606","Bedout Island","/products/IDW60801/IDW60801.94310.shtml","94310","IDW60801"
"607","Christmas Creek","/products/IDW60801/IDW60801.99737.shtml","99737","IDW60801"
"608","Coondewanna","/products/IDW60801/IDW60801.99312.shtml","99312","IDW60801"
"609","Emu Creek","/products/IDW60801/IDW60801.94318.shtml","94318","IDW60801"
"610","Fortescue Dave Forrest","/products/IDW60801/IDW60801.99736.shtml","99736","IDW60801"
"611","Karijini North","/products/IDW60801/IDW60801.94330.shtml","94330","IDW60801"
"612","Karratha","/products/IDW60801/IDW60801.95307.shtml","95307","IDW60801"
"613","Learmonth","/products/IDW60801/IDW60801.94302.shtml","94302","IDW60801"
"614","Legendre Island","/products/IDW60801/IDW60801.94307.shtml","94307","IDW60801"
"615","Marble Bar","/products/IDW60801/IDW60801.95317.shtml","95317","IDW60801"
"616","Mardie","/products/IDW60801/IDW60801.94306.shtml","94306","IDW60801"
"617","Newman Airport","/products/IDW60801/IDW60801.94317.shtml","94317","IDW60801"
"618","Onslow Airport","/products/IDW60801/IDW60801.95305.shtml","95305","IDW60801"
"619","Paraburdoo","/products/IDW60801/IDW60801.94316.shtml","94316","IDW60801"
"620","Pardoo","/products/IDW60801/IDW60801.94311.shtml","94311","IDW60801"
"621","Port Hedland","/products/IDW60801/IDW60801.94312.shtml","94312","IDW60801"
"622","Roebourne Airport","/products/IDW60801/IDW60801.94308.shtml","94308","IDW60801"
"623","Solomon Airport","/products/IDW60801/IDW60801.99217.shtml","99217","IDW60801"
"624","Telfer","/products/IDW60801/IDW60801.94319.shtml","94319","IDW60801"
"625","Thevenard Island","/products/IDW60801/IDW60801.94303.shtml","94303","IDW60801"
"626","Varanus Island","/products/IDW60801/IDW60801.95303.shtml","95303","IDW60801"
"627","Carnarvon","/products/IDW60801/IDW60801.94300.shtml","94300","IDW60801"
"628","Bulga Downs","/products/IDW60801/IDW60801.94444.shtml","94444","IDW60801"
"629","Degrussa Aerodrome","/products/IDW60801/IDW60801.99400.shtml","99400","IDW60801"
"630","Denham","/products/IDW60801/IDW60801.94402.shtml","94402","IDW60801"
"631","Meekatharra","/products/IDW60801/IDW60801.94430.shtml","94430","IDW60801"
"632","Mount Magnet Airport","/products/IDW60801/IDW60801.94429.shtml","94429","IDW60801"
"633","Murchison","/products/IDW60801/IDW60801.94422.shtml","94422","IDW60801"
"634","Shark Bay Airport","/products/IDW60801/IDW60801.95402.shtml","95402","IDW60801"
"635","Kalgoorlie-Boulder","/products/IDW60801/IDW60801.94637.shtml","94637","IDW60801"
"636","Laverton","/products/IDW60801/IDW60801.94449.shtml","94449","IDW60801"
"637","Leinster","/products/IDW60801/IDW60801.95448.shtml","95448","IDW60801"
"638","Leonora Airport","/products/IDW60801/IDW60801.94450.shtml","94450","IDW60801"
"639","Mount Keith","/products/IDW60801/IDW60801.99434.shtml","99434","IDW60801"
"640","Norseman Airport","/products/IDW60801/IDW60801.95642.shtml","95642","IDW60801"
"641","Wiluna","/products/IDW60801/IDW60801.94439.shtml","94439","IDW60801"
"642","Wiluna Airport","/products/IDW60801/IDW60801.95439.shtml","95439","IDW60801"
"643","Balladonia","/products/IDW60801/IDW60801.94642.shtml","94642","IDW60801"
"644","Eucla","/products/IDW60801/IDW60801.94647.shtml","94647","IDW60801"
"645","Eyre","/products/IDW60801/IDW60801.94645.shtml","94645","IDW60801"
"646","Forrest","/products/IDW60801/IDW60801.95646.shtml","95646","IDW60801"
"647","Red Rocks Point","/products/IDW60801/IDW60801.94644.shtml","94644","IDW60801"
"648","Carnegie","/products/IDW60801/IDW60801.94451.shtml","94451","IDW60801"
"649","Giles*","/products/IDW60801/IDW60801.94461.shtml","94461","IDW60801"
"650","Warburton","/products/IDW60801/IDW60801.94457.shtml","94457","IDW60801"
"651","Christmas Island","/products/IDW60801/IDW60801.96995.shtml","96995","IDW60801"
"652","Cocos Island","/products/IDW60801/IDW60801.96996.shtml","96996","IDW60801"
"653","Badgingarra","/products/IDW60801/IDW60801.94603.shtml","94603","IDW60801"
"654","Carnamah","/products/IDW60801/IDW60801.94415.shtml","94415","IDW60801"
"655","Geraldton Airport","/products/IDW60801/IDW60801.94403.shtml","94403","IDW60801"
"656","Jurien Bay","/products/IDW60801/IDW60801.95600.shtml","95600","IDW60801"
"657","Kalbarri","/products/IDW60801/IDW60801.94401.shtml","94401","IDW60801"
"658","Morawa Airport","/products/IDW60801/IDW60801.94417.shtml","94417","IDW60801"
"659","Mullewa","/products/IDW60801/IDW60801.94411.shtml","94411","IDW60801"
"660","North Island","/products/IDW60801/IDW60801.94405.shtml","94405","IDW60801"
"661","Armament Jetty","/products/IDW60801/IDW60801.99254.shtml","99254","IDW60801"
"662","Bickley","/products/IDW60801/IDW60801.95610.shtml","95610","IDW60801"
"663","Colpoys Point","/products/IDW60801/IDW60801.99255.shtml","99255","IDW60801"
"664","Dwellingup","/products/IDW60801/IDW60801.94620.shtml","94620","IDW60801"
"665","Garden Island","/products/IDW60801/IDW60801.95607.shtml","95607","IDW60801"
"666","Gingin Airport","/products/IDW60801/IDW60801.95612.shtml","95612","IDW60801"
"667","Gooseberry Hill","/products/IDW60801/IDW60801.94615.shtml","94615","IDW60801"
"668","Hillarys Point Boat Harbour","/products/IDW60801/IDW60801.95605.shtml","95605","IDW60801"
"669","Jandakot","/products/IDW60801/IDW60801.94609.shtml","94609","IDW60801"
"670","Karnet","/products/IDW60801/IDW60801.95614.shtml","95614","IDW60801"
"671","Lancelin","/products/IDW60801/IDW60801.95606.shtml","95606","IDW60801"
"672","Lancelin (Defence)","/products/IDW60801/IDW60801.95609.shtml","95609","IDW60801"
"673","Mandurah","/products/IDW60801/IDW60801.94605.shtml","94605","IDW60801"
"674","Melville Water","/products/IDW60801/IDW60801.95620.shtml","95620","IDW60801"
"675","Millendon (Swan Valley)","/products/IDW60801/IDW60801.94795.shtml","94795","IDW60801"
"676","Ocean Reef","/products/IDW60801/IDW60801.94607.shtml","94607","IDW60801"
"677","Pearce","/products/IDW60801/IDW60801.94612.shtml","94612","IDW60801"
"678","Perth","/products/IDW60801/IDW60801.94608.shtml","94608","IDW60801"
"679","Perth Airport","/products/IDW60801/IDW60801.94610.shtml","94610","IDW60801"
"680","Rottnest Island","/products/IDW60801/IDW60801.94602.shtml","94602","IDW60801"
"681","Swanbourne","/products/IDW60801/IDW60801.94614.shtml","94614","IDW60801"
"682","Bridgetown","/products/IDW60801/IDW60801.95632.shtml","95632","IDW60801"
"683","Bunbury","/products/IDW60801/IDW60801.94604.shtml","94604","IDW60801"
"684","Busselton Airport","/products/IDW60801/IDW60801.95611.shtml","95611","IDW60801"
"685","Busselton Jetty","/products/IDW60801/IDW60801.95602.shtml","95602","IDW60801"
"686","Cape Leeuwin","/products/IDW60801/IDW60801.94601.shtml","94601","IDW60801"
"687","Cape Naturaliste","/products/IDW60801/IDW60801.94600.shtml","94600","IDW60801"
"688","Collie East","/products/IDW60801/IDW60801.95621.shtml","95621","IDW60801"
"689","Donnybrook","/products/IDW60801/IDW60801.95622.shtml","95622","IDW60801"
"690","Jarrahwood","/products/IDW60801/IDW60801.95623.shtml","95623","IDW60801"
"691","Manjimup","/products/IDW60801/IDW60801.94617.shtml","94617","IDW60801"
"692","Pemberton","/products/IDW60801/IDW60801.95613.shtml","95613","IDW60801"
"693","Shannon","/products/IDW60801/IDW60801.95617.shtml","95617","IDW60801"
"694","Walpole North","/products/IDW60801/IDW60801.95647.shtml","95647","IDW60801"
"695","Witchcliffe","/products/IDW60801/IDW60801.95641.shtml","95641","IDW60801"
"696","Albany","/products/IDW60801/IDW60801.94801.shtml","94801","IDW60801"
"697","Albany Airport","/products/IDW60801/IDW60801.94802.shtml","94802","IDW60801"
"698","Mount Barker","/products/IDW60801/IDW60801.94630.shtml","94630","IDW60801"
"699","Jacup","/products/IDW60801/IDW60801.95636.shtml","95636","IDW60801"
"700","Rocky Gully South","/products/IDW60801/IDW60801.94631.shtml","94631","IDW60801"
"701","Esperance","/products/IDW60801/IDW60801.94638.shtml","94638","IDW60801"
"702","Esperance Airport","/products/IDW60801/IDW60801.95638.shtml","95638","IDW60801"
"703","Esperance Harbour","/products/IDW60801/IDW60801.95648.shtml","95648","IDW60801"
"704","Hopetoun North","/products/IDW60801/IDW60801.95635.shtml","95635","IDW60801"
"705","Munglinup West","/products/IDW60801/IDW60801.95644.shtml","95644","IDW60801"
"706","Ravensthorpe","/products/IDW60801/IDW60801.94636.shtml","94636","IDW60801"
"707","Salmon Gums RS","/products/IDW60801/IDW60801.95639.shtml","95639","IDW60801"
"708","Brookton","/products/IDW60801/IDW60801.94625.shtml","94625","IDW60801"
"709","Corrigin","/products/IDW60801/IDW60801.94633.shtml","94633","IDW60801"
"710","Hyden","/products/IDW60801/IDW60801.95627.shtml","95627","IDW60801"
"711","Katanning RS","/products/IDW60801/IDW60801.94641.shtml","94641","IDW60801"
"712","Lake Grace","/products/IDW60801/IDW60801.95637.shtml","95637","IDW60801"
"713","Narrogin","/products/IDW60801/IDW60801.94627.shtml","94627","IDW60801"
"714","Newdegate","/products/IDW60801/IDW60801.94628.shtml","94628","IDW60801"
"715","Pingelly","/products/IDW60801/IDW60801.95616.shtml","95616","IDW60801"
"716","Wagin","/products/IDW60801/IDW60801.95618.shtml","95618","IDW60801"
"717","Wandering","/products/IDW60801/IDW60801.95640.shtml","95640","IDW60801"
"718","Beverley","/products/IDW60801/IDW60801.95615.shtml","95615","IDW60801"
"719","Cunderdin Airport","/products/IDW60801/IDW60801.95625.shtml","95625","IDW60801"
"720","Dalwallinu","/products/IDW60801/IDW60801.95629.shtml","95629","IDW60801"
"721","Goomalling","/products/IDW60801/IDW60801.95631.shtml","95631","IDW60801"
"722","Kellerberrin","/products/IDW60801/IDW60801.95603.shtml","95603","IDW60801"
"723","Merredin","/products/IDW60801/IDW60801.95624.shtml","95624","IDW60801"
"724","Narembeen","/products/IDW60801/IDW60801.95626.shtml","95626","IDW60801"
"725","Northam","/products/IDW60801/IDW60801.94621.shtml","94621","IDW60801"
"726","Southern Cross Airport","/products/IDW60801/IDW60801.95634.shtml","95634","IDW60801"
"727","Wongan Hills","/products/IDW60801/IDW60801.94622.shtml","94622","IDW60801"
"728","York","/products/IDW60801/IDW60801.94623.shtml","94623","IDW60801"
"729","Batchelor","/products/IDD60801/IDD60801.94125.shtml","94125","IDD60801"
"730","Bradshaw","/products/IDD60801/IDD60801.94130.shtml","94130","IDD60801"
"731","Bradshaw-Angallari Valley (Defence)","/products/IDD60801/IDD60801.94221.shtml","94221","IDD60801"
"732","Channel Point","/products/IDD60801/IDD60801.94121.shtml","94121","IDD60801"
"733","Charles Point","/products/IDD60801/IDD60801.99510.shtml","99510","IDD60801"
"734","Darwin Airport","/products/IDD60801/IDD60801.94120.shtml","94120","IDD60801"
"735","Darwin Harbour","/products/IDD60801/IDD60801.95122.shtml","95122","IDD60801"
"736","Douglas River","/products/IDD60801/IDD60801.94128.shtml","94128","IDD60801"
"737","Dum In Mirrie","/products/IDD60801/IDD60801.94116.shtml","94116","IDD60801"
"738","Kangaroo Flats (Defence)","/products/IDD60801/IDD60801.94161.shtml","94161","IDD60801"
"739","Middle Point","/products/IDD60801/IDD60801.95121.shtml","95121","IDD60801"
"740","Mount Bundey North (Defence)","/products/IDD60801/IDD60801.94162.shtml","94162","IDD60801"
"741","Mount Bundey South (Defence)","/products/IDD60801/IDD60801.94112.shtml","94112","IDD60801"
"742","Noonamah","/products/IDD60801/IDD60801.94105.shtml","94105","IDD60801"
"743","Point Stuart","/products/IDD60801/IDD60801.94127.shtml","94127","IDD60801"
"744","Wadeye (Port Keats)","/products/IDD60801/IDD60801.95111.shtml","95111","IDD60801"
"745","Pirlangimpi","/products/IDD60801/IDD60801.94119.shtml","94119","IDD60801"
"746","Point Fawcett","/products/IDD60801/IDD60801.94122.shtml","94122","IDD60801"
"747","Black Point","/products/IDD60801/IDD60801.94134.shtml","94134","IDD60801"
"748","Bulman","/products/IDD60801/IDD60801.94143.shtml","94143","IDD60801"
"749","Cape Wessel","/products/IDD60801/IDD60801.94147.shtml","94147","IDD60801"
"750","Central Arnhem Plateau","/products/IDD60801/IDD60801.94141.shtml","94141","IDD60801"
"751","Croker Island Airport","/products/IDD60801/IDD60801.94108.shtml","94108","IDD60801"
"752","Gove Airport","/products/IDD60801/IDD60801.94150.shtml","94150","IDD60801"
"753","Groote Eylandt Airport","/products/IDD60801/IDD60801.94153.shtml","94153","IDD60801"
"754","Jabiru","/products/IDD60801/IDD60801.94137.shtml","94137","IDD60801"
"755","Maningrida Airport","/products/IDD60801/IDD60801.95142.shtml","95142","IDD60801"
"756","McCluer Island","/products/IDD60801/IDD60801.94135.shtml","94135","IDD60801"
"757","Milingimbi","/products/IDD60801/IDD60801.94140.shtml","94140","IDD60801"
"758","Murganella Airstrip","/products/IDD60801/IDD60801.94109.shtml","94109","IDD60801"
"759","Ngayawili (Elcho Island)","/products/IDD60801/IDD60801.95146.shtml","95146","IDD60801"
"760","Ngukurr AWS","/products/IDD60801/IDD60801.94106.shtml","94106","IDD60801"
"761","Oenpelli Airport","/products/IDD60801/IDD60801.94110.shtml","94110","IDD60801"
"762","Warruwi","/products/IDD60801/IDD60801.94139.shtml","94139","IDD60801"
"763","Borroloola","/products/IDD60801/IDD60801.94152.shtml","94152","IDD60801"
"764","Centre Island","/products/IDD60801/IDD60801.94248.shtml","94248","IDD60801"
"765","Daly Waters","/products/IDD60801/IDD60801.94234.shtml","94234","IDD60801"
"766","McArthur River Mine","/products/IDD60801/IDD60801.94239.shtml","94239","IDD60801"
"767","Tindal","/products/IDD60801/IDD60801.94131.shtml","94131","IDD60801"
"768","Bradshaw-Koolendong Valley","/products/IDD60801/IDD60801.94222.shtml","94222","IDD60801"
"769","Delamere","/products/IDD60801/IDD60801.94225.shtml","94225","IDD60801"
"770","Victoria River Downs","/products/IDD60801/IDD60801.94232.shtml","94232","IDD60801"
"771","Wave Hill (Kalkarindji)","/products/IDD60801/IDD60801.94229.shtml","94229","IDD60801"
"772","Brunette Downs","/products/IDD60801/IDD60801.94242.shtml","94242","IDD60801"
"773","Elliott","/products/IDD60801/IDD60801.94236.shtml","94236","IDD60801"
"774","Tennant Creek","/products/IDD60801/IDD60801.94238.shtml","94238","IDD60801"
"775","Alice Springs Airport","/products/IDD60801/IDD60801.94326.shtml","94326","IDD60801"
"776","Arltunga","/products/IDD60801/IDD60801.95323.shtml","95323","IDD60801"
"777","Jervois","/products/IDD60801/IDD60801.94327.shtml","94327","IDD60801"
"778","Territory Grape Farm","/products/IDD60801/IDD60801.94328.shtml","94328","IDD60801"
"779","Curtin Springs","/products/IDD60801/IDD60801.94463.shtml","94463","IDD60801"
"780","Walungurru (Kintore)","/products/IDD60801/IDD60801.94321.shtml","94321","IDD60801"
"781","Watarrka","/products/IDD60801/IDD60801.94323.shtml","94323","IDD60801"
"782","Yulara","/products/IDD60801/IDD60801.94462.shtml","94462","IDD60801"
"783","Lajamanu","/products/IDD60801/IDD60801.94231.shtml","94231","IDD60801"
"784","Rabbit Flat","/products/IDD60801/IDD60801.95322.shtml","95322","IDD60801"
"785","Yuendumu","/products/IDD60801/IDD60801.94324.shtml","94324","IDD60801"
"786","Argyle","/products/IDD60801/IDD60801.94217.shtml","94217","IDD60801"
"787","Giles*","/products/IDD60801/IDD60801.94461.shtml","94461","IDD60801"
"788","Halls Creek","/products/IDD60801/IDD60801.94212.shtml","94212","IDD60801"
"789","Kalumburu","/products/IDD60801/IDD60801.94100.shtml","94100","IDD60801"
"790","Kununurra Airport","/products/IDD60801/IDD60801.94216.shtml","94216","IDD60801"
"791","Troughton Island","/products/IDD60801/IDD60801.94102.shtml","94102","IDD60801"
"792","Truscott","/products/IDD60801/IDD60801.95101.shtml","95101","IDD60801"
"793","Warburton","/products/IDD60801/IDD60801.94457.shtml","94457","IDD60801"
"794","Wyndham Airport","/products/IDD60801/IDD60801.95214.shtml","95214","IDD60801"
"795","Camooweal","/products/IDD60801/IDD60801.94255.shtml","94255","IDD60801"
"796","Ernabella/Pukatja","/products/IDD60801/IDD60801.94474.shtml","94474","IDD60801"
